{"stats":{"minecraft:killed_by":{"minecraft:zombie_villager":2,"minecraft:iron_golem":1,"minecraft:drowned":1},"minecraft:used":{"minecraft:mossy_stone_bricks":15,"minecraft:stone_sword":6,"minecraft:stone_pickaxe":53,"minecraft:wooden_pickaxe":8,"minecraft:crafting_table":2,"farmersdelight:bacon_and_eggs":2,"farmersdelight:ratatouille":1,"simplyswords:diamond_cutlass":15,"twigs:tangerine_seashell":1,"minecraft:stone_bricks":6,"minecraft:stone_axe":26,"minecraft:wooden_sword":1,"twigs:bronzed_seashell":4,"blue_skies:bag_of_spoils":2,"twigs:opaline_seashell":1},"minecraft:dropped":{"simplyswords:diamond_cutlass":1,"minecraft:bread":6,"minecraft:stone_sword":1,"minecraft:bowl":4,"minecraft:crafting_table":1,"minecraft:cooked_porkchop":14,"immersive_armors:wooden_boots":1,"minecraft:cobblestone":16,"minecraft:rotten_flesh":2,"minecraft:oak_planks":2,"aether:leather_gloves":1,"minecraft:apple":1,"minecraft:coal":2,"minecraft:stick":1,"twigs:tangerine_seashell":1,"minecraft:poppy":1,"minecraft:leather_chestplate":1,"minecraft:andesite":1,"apotheosis:gem":2,"minecraft:wooden_sword":2,"minecraft:arrow":1,"minecraft:wooden_pickaxe":2,"immersive_armors:wooden_chestplate":1,"ars_additions:nexus_warp_scroll":1,"minecraft:stone_brick_stairs":1,"minecraft:spruce_sapling":1},"minecraft:crafted":{"minecraft:spruce_planks":32,"minecraft:dark_oak_planks":12},"minecraft:mined":{"minecraft:crafting_table":2,"ars_nouveau:temporary_block":1,"minecraft:spruce_leaves":3,"blue_skies:bag_of_spoils":1,"ars_nouveau:archwood_planks":2,"twigs:tangerine_seashell":2,"minecraft:spruce_log":8,"minecraft:andesite":1,"twigs:bronzed_seashell":2,"minecraft:stone_brick_stairs":1,"minecraft:coal_ore":2,"minecraft:vine":1,"ars_additions:sourcestone_wall":3,"minecraft:cracked_stone_bricks":6,"minecraft:stone_bricks":6,"minecraft:stone":21,"minecraft:mossy_stone_bricks":17,"twigs:opaline_seashell":1,"minecraft:fern":1},"minecraft:custom":{"enigmaticlegacy:play_time_with_seven_curses":4839,"lootr:looted_stat":7,"minecraft:mob_kills":10,"enigmaticlegacy:play_time_without_seven_curses":90923,"minecraft:interact_with_crafting_table":4,"minecraft:damage_dealt_resisted":60,"minecraft:leave_game":1,"minecraft:time_since_death":12717,"minecraft:sleep_in_bed":4,"minecraft:climb_one_cm":854,"minecraft:damage_resisted":0,"minecraft:time_since_rest":12744,"minecraft:waystone_activated":2,"minecraft:sprint_one_cm":27131,"minecraft:walk_one_cm":306463,"minecraft:damage_taken":1372,"minecraft:drop":34,"minecraft:damage_dealt":1836,"minecraft:talked_to_villager":4,"minecraft:fly_one_cm":30431,"minecraft:crouch_one_cm":6261,"minecraft:play_time":95962,"minecraft:deaths":4,"minecraft:sneak_time":1421,"minecraft:walk_under_water_one_cm":4446,"minecraft:jump":432,"minecraft:walk_on_water_one_cm":9083,"minecraft:total_world_time":95962,"minecraft:fall_one_cm":7045},"minecraft:killed":{"minecraft:pig":4,"ars_nouveau:animated_block":3,"minecraft:zombie":2,"enemyexpansion:goblin":1},"minecraft:picked_up":{"minecraft:crafting_table":2,"minecraft:leather_chestplate":1,"minecraft:andesite":1,"minecraft:wooden_pickaxe":1,"minecraft:stone_brick_stairs":1,"minecraft:wooden_sword":1,"minecraft:experience_bottle":1,"twigs:opaline_seashell":1,"minecraft:stone_bricks":6,"minecraft:cracked_stone_bricks":6,"minecraft:mossy_stone_bricks":15,"minecraft:poppy":1,"minecraft:iron_nugget":1,"ars_additions:nexus_warp_scroll":1,"knightlib:small_essence":1,"blue_skies:bag_of_spoils":1,"apotheosis:gem":7,"simplyswords:diamond_cutlass":1,"minecraft:cooked_porkchop":14,"minecraft:bowl":2,"minecraft:porkchop":9,"twigs:bronzed_seashell":2,"minecraft:spruce_sapling":1,"minecraft:spruce_log":8,"minecraft:arrow":1,"minecraft:rotten_flesh":4,"minecraft:bread":3,"twigs:tangerine_seashell":2,"minecraft:coal":4,"minecraft:cobblestone":21}},"DataVersion":3120}