{"stats":{"minecraft:killed_by":{"minecraft:zombie_villager":1,"minecraft:skeleton":3,"minecraft:phantom":1,"enemyexpansion:direwolf":1,"minecraft:iron_golem":6,"minecraft:drowned":1},"minecraft:dropped":{"minecraft:experience_bottle":1,"ars_elemental:yellow_archwood_log":30,"minecraft:cobblestone":71,"minecraft:rotten_flesh":2,"ecologics:walnut_sapling":2,"byg:maple_log":64,"undead_unleashed:grave_metal_scrap":4,"minecraft:salmon":2,"minecraft:poppy":2,"minecraft:dirt":1,"minecraft:spruce_planks":5,"minecraft:sunflower":6,"minecraft:wooden_pickaxe":1,"minecraft:arrow":15,"minecraft:bone":2},"minecraft:used":{"royalvariations:royal_staff":3,"minecraft:stone_shovel":274,"minecraft:oak_planks":2,"minecraft:wooden_pickaxe":2,"minecraft:blue_bed":1,"minecraft:dirt":12,"minecraft:crafting_table":2,"ars_nouveau:bombegranate_pod":5,"byg:blueberries":4,"minecraft:apple":2,"minecraft:bread":2,"minecraft:iron_pickaxe":178,"minecraft:stone_axe":81,"ars_nouveau:source_berry":18,"twigs:bronzed_seashell":5,"minecraft:written_book":1,"forbidden_arcanus:cherry_sapling":3,"minecraft:sweet_berries":2,"minecraft:cooked_cod":2,"ecologics:walnut":2,"minecraft:experience_bottle":1},"minecraft:crafted":{"ecologics:walnut_planks":16},"minecraft:mined":{"atmospheric:aspen_leaves":1,"minecraft:oak_fence":2,"minecraft:granite":27,"minecraft:grass_block":103,"ecologics:walnut_leaves":1,"twigs:twig":1,"minecraft:spruce_leaves":1,"ars_nouveau:sourceberry_bush":2,"ars_nouveau:red_archwood_leaves":1,"minecraft:blue_bed":1,"minecraft:chiseled_stone_bricks":1,"minecraft:spawner":1,"forbidden_arcanus:thin_cherry_log":11,"byg:maple_leaves":1,"minecraft:andesite":45,"minecraft:anvil":1,"forbidden_arcanus:cherry_sapling":1,"minecraft:grass":96,"ars_nouveau:red_archwood_log":59,"minecraft:coal_ore":16,"forbidden_arcanus:cherry_log":1,"minecraft:vine":1,"byg:rose":3,"minecraft:dirt":127,"byg:blueberry_bush":1,"byg:white_anemone":1,"ecologics:walnut_log":4,"minecraft:stone":80,"minecraft:fern":9},"minecraft:custom":{"enigmaticlegacy:play_time_with_seven_curses":58816,"lootr:looted_stat":21,"minecraft:mob_kills":41,"enigmaticlegacy:play_time_without_seven_curses":75927,"minecraft:interact_with_crafting_table":7,"minecraft:damage_dealt_resisted":88,"minecraft:leave_game":6,"minecraft:time_since_death":20855,"minecraft:sleep_in_bed":3,"minecraft:damage_resisted":15,"minecraft:climb_one_cm":16378,"minecraft:time_since_rest":20890,"minecraft:sprint_one_cm":186551,"minecraft:damage_taken":4883,"minecraft:walk_one_cm":704282,"minecraft:drop":20,"minecraft:damage_dealt":509,"minecraft:swim_one_cm":76653,"minecraft:talked_to_villager":1,"minecraft:fly_one_cm":90073,"minecraft:open_chest":2,"minecraft:crouch_one_cm":669,"minecraft:play_time":135441,"minecraft:deaths":15,"minecraft:sneak_time":730,"minecraft:walk_under_water_one_cm":13424,"minecraft:jump":1034,"minecraft:walk_on_water_one_cm":30740,"minecraft:total_world_time":135441,"minecraft:fall_one_cm":16370},"minecraft:broken":{"minecraft:golden_helmet":1,"majruszsdifficulty:tattered_boots":1,"minecraft:stone_shovel":1},"minecraft:killed":{"minecraft:zombie_villager":3,"alexsmobs:raccoon":1,"minecraft:iron_golem":3,"ars_nouveau:animated_block":1,"royalvariations:royal_skeleton":1,"irons_spellbooks:necromancer":1,"enemyexpansion:direwolf":4,"enemyexpansion:goblin_fear":1,"minecraft:creeper":3,"minecraft:skeleton":7,"royalvariations:royal_zombie":2,"minecraft:pillager":1,"minecraft:zombie":8,"undead_unleashed:shadewraith":1,"minecraft:drowned":2,"minecraft:skeleton_horse":1,"enemyexpansion:goblin":1},"minecraft:picked_up":{"ars_nouveau:red_archwood_log":58,"ecologics:walnut":6,"minecraft:anvil":1,"minecraft:salmon":2,"minecraft:andesite":43,"ars_nouveau:source_berry":13,"royalvariations:royal_staff":1,"forbidden_arcanus:cherry_sapling":5,"majruszsaccessories:certificate_of_taming":1,"royalvariations:spiritual_crown_shard":1,"ars_nouveau:bombegranate_pod":9,"minecraft:oak_log":43,"woodworks:acacia_chest":2,"byg:white_anemone":1,"minecraft:gunpowder":4,"minecraft:blue_bed":1,"minecraft:dirt":226,"forbidden_arcanus:thin_cherry_log":11,"minecraft:iron_leggings":1,"minecraft:bone":8,"minecraft:experience_bottle":2,"ecologics:walnut_sapling":2,"minecraft:wheat_seeds":17,"byg:blueberries":4,"minecraft:spruce_planks":5,"minecraft:iron_ingot":9,"minecraft:poppy":3,"minecraft:written_book":1,"twigs:twig":1,"apotheosis:gem_dust":2,"forbidden_arcanus:cherry_log":1,"byg:rose":5,"knightlib:small_essence":2,"byg:maple_log":64,"apotheosis:gem":1,"ecologics:walnut_log":4,"minecraft:sweet_berries":2,"minecraft:oak_fence":2,"enigmaticlegacy:enigmatic_amulet":1,"twigs:bronzed_seashell":1,"undead_unleashed:grave_metal_scrap":4,"ars_elemental:yellow_archwood_log":30,"minecraft:carrot":2,"minecraft:arrow":22,"minecraft:rotten_flesh":8,"waystones:waystone":1,"minecraft:granite":27,"minecraft:emerald":4,"minecraft:coal":16,"minecraft:cobblestone":141,"minecraft:sunflower":6}},"DataVersion":3120}