{"stats":{"minecraft:dropped":{"minecraft:iron_nugget":1,"minecraft:cobblestone":65,"minecraft:iron_boots":1,"minecraft:coal":28,"minecraft:dirt":5,"minecraft:iron_pickaxe":1,"immersive_armors:wooden_helmet":1},"minecraft:used":{"minecraft:diorite":3,"minecraft:iron_shovel":234,"minecraft:stone_pickaxe":131,"minecraft:spruce_planks":224,"byg:maple_planks":266,"minecraft:torch":2,"minecraft:sand":1,"minecraft:dirt":1,"minecraft:crafting_table":2,"minecraft:granite":1,"relics:horse_flute":7,"minecraft:glass":47,"byg:lush_dirt":2,"minecraft:wooden_axe":60,"minecraft:oak_log":3,"minecraft:dark_oak_planks":4,"farmersdelight:ratatouille":1,"minecraft:apple":5,"byg:maple_stairs":27,"minecraft:iron_pickaxe":229,"minecraft:spruce_sapling":9,"minecraft:cobblestone":100,"minecraft:furnace":3},"minecraft:crafted":{"minecraft:oak_planks":12,"minecraft:spruce_planks":296,"minecraft:copper_ingot":0,"minecraft:air":0,"minecraft:glass":100,"minecraft:charcoal":0,"minecraft:stick":18,"byg:maple_planks":256,"minecraft:iron_ingot":0,"minecraft:dark_oak_planks":4,"minecraft:torch":12},"minecraft:mined":{"byg:clover_patch":2,"minecraft:crafting_table":1,"minecraft:torch":1,"minecraft:granite":37,"byg:flower_patch":2,"byg:maple_planks":8,"byg:yellow_tulip":1,"minecraft:copper_ore":13,"minecraft:cobblestone":13,"minecraft:spruce_leaves":12,"minecraft:diorite":24,"byg:lush_grass_block":96,"byg:soapstone":30,"byg:lush_dirt":1,"minecraft:furnace":1,"forbidden_arcanus:xpetrified_ore":3,"minecraft:iron_ore":4,"byg:green_tulip":1,"minecraft:spruce_log":36,"minecraft:andesite":20,"byg:alpine_bellflower":1,"minecraft:grass":4,"minecraft:coal_ore":29,"minecraft:oak_log":1,"minecraft:sunflower":8,"minecraft:sand":131,"minecraft:dirt":6,"minecraft:stone":183,"byg:maple_stairs":3},"minecraft:custom":{"enigmaticlegacy:play_time_with_seven_curses":0,"minecraft:interact_with_furnace":33,"lootr:looted_stat":2,"enigmaticlegacy:play_time_without_seven_curses":105447,"minecraft:interact_with_crafting_table":16,"minecraft:leave_game":2,"minecraft:time_since_death":105447,"minecraft:sleep_in_bed":2,"minecraft:time_since_rest":5571,"minecraft:waystone_activated":1,"minecraft:sprint_one_cm":88496,"minecraft:damage_taken":98,"minecraft:walk_one_cm":346231,"minecraft:drop":8,"minecraft:damage_dealt":15,"minecraft:fly_one_cm":59131,"minecraft:open_chest":25,"minecraft:crouch_one_cm":32283,"minecraft:play_time":105447,"minecraft:sneak_time":6136,"minecraft:walk_under_water_one_cm":303,"minecraft:jump":462,"minecraft:walk_on_water_one_cm":1963,"minecraft:total_world_time":105447,"minecraft:fall_one_cm":4722},"minecraft:broken":{"minecraft:stone_pickaxe":1},"minecraft:picked_up":{"minecraft:crafting_table":1,"byg:soapstone":30,"byg:green_tulip":1,"byg:lush_dirt":64,"byg:maple_planks":8,"minecraft:wooden_pickaxe":1,"minecraft:oak_log":3,"forbidden_arcanus:xpetrified_orb":3,"minecraft:dirt":6,"minecraft:raw_copper":44,"skilltree:wisdom_scroll":1,"minecraft:wooden_sword":1,"minecraft:apple":1,"minecraft:wheat_seeds":2,"immersive_armors:wooden_leggings":1,"byg:maple_stairs":1,"twigs:twig":9,"farmersdelight:ratatouille":16,"minecraft:furnace":1,"byg:maple_log":64,"minecraft:stick":1,"minecraft:raw_iron":4,"apotheosis:gem":4,"minecraft:torch":1,"minecraft:sand":131,"minecraft:spruce_sapling":9,"minecraft:diorite":24,"minecraft:spruce_log":32,"origins:orb_of_origin":1,"farmersdelight:bacon_and_eggs":16,"immersive_armors:wooden_helmet":2,"majruszsaccessories:lucky_rock":1,"immersive_armors:wooden_chestplate":1,"minecraft:shears":1,"minecraft:granite":37,"immersive_armors:wooden_boots":2,"minecraft:coal":59,"minecraft:cobblestone":173}},"DataVersion":3120}