{"stats":{"minecraft:killed_by":{"minecraft:skeleton":1,"minecraft:iron_golem":5},"minecraft:used":{"byg:maple_door":2,"minecraft:oak_planks":1,"minecraft:spruce_planks":21,"minecraft:chest":60,"minecraft:wooden_pickaxe":34,"minecraft:leather_chestplate":1,"minecraft:rotten_flesh":2,"minecraft:torch":6,"minecraft:crafting_table":4,"minecraft:white_bed":2,"ars_additions:warp_nexus":1,"minecraft:oak_log":1,"waystones:waystone":1,"minecraft:dark_oak_planks":13,"minecraft:wooden_axe":136,"minecraft:apple":2,"minecraft:bread":4,"minecraft:iron_pickaxe":16,"ars_elemental:yellow_archwood_log":17,"twigs:tangerine_seashell":1,"minecraft:stone_axe":365,"twigs:bronzed_seashell":2,"woodworks:acacia_chest":2,"minecraft:cobblestone":12,"minecraft:cooked_porkchop":12,"minecraft:andesite":5,"alexsmobs:animal_dictionary":1},"minecraft:dropped":{"minecraft:stone_axe":1,"minecraft:oak_log":1,"minecraft:cooked_porkchop":15,"immersive_armors:wooden_boots":1,"minecraft:acacia_log":5,"minecraft:shears":1,"minecraft:coal":30,"minecraft:leather_chestplate":1,"minecraft:wooden_axe":1,"minecraft:andesite":2,"twigs:bronzed_seashell":1,"apotheosis:gem":2,"forbidden_arcanus:spawner_scrap":1,"minecraft:spruce_log":56,"minecraft:wooden_pickaxe":3,"ars_additions:nexus_warp_scroll":1,"enigmaticlegacy:enigmatic_amulet":1},"minecraft:crafted":{"minecraft:oak_planks":4,"ars_nouveau:archwood_planks":60,"minecraft:crafting_table":3,"minecraft:spruce_planks":12,"minecraft:stone_axe":4,"minecraft:stick":26,"byg:maple_planks":440,"minecraft:wooden_axe":1,"minecraft:chest":33,"minecraft:white_bed":2,"minecraft:acacia_planks":20,"minecraft:dark_oak_planks":12,"minecraft:torch":4,"woodworks:acacia_chest":2,"minecraft:shears":1},"minecraft:mined":{"minecraft:dark_oak_planks":1,"minecraft:podzol":1,"byg:maple_log":271,"minecraft:spruce_planks":18,"byg:clover_patch":5,"twigs:pebble":2,"minecraft:crafting_table":1,"minecraft:torch":2,"minecraft:chest":27,"byg:flower_patch":1,"byg:maple_planks":5,"minecraft:cobblestone":10,"minecraft:spruce_leaves":9,"ars_elemental:yellow_archwood_log":55,"ars_additions:warp_nexus":1,"twigs:tangerine_seashell":1,"minecraft:spruce_log":58,"minecraft:andesite":5,"twigs:bronzed_seashell":1,"minecraft:grass":38,"woodworks:acacia_chest":2,"minecraft:coal_ore":3,"minecraft:oak_log":45,"minecraft:dirt":1,"minecraft:stone":12},"minecraft:custom":{"enigmaticlegacy:play_time_with_seven_curses":5093,"minecraft:interact_with_furnace":8,"lootr:looted_stat":7,"minecraft:mob_kills":6,"enigmaticlegacy:play_time_without_seven_curses":159349,"minecraft:interact_with_crafting_table":31,"minecraft:leave_game":2,"minecraft:time_since_death":66838,"minecraft:sleep_in_bed":5,"minecraft:climb_one_cm":13228,"minecraft:time_since_rest":24264,"minecraft:waystone_activated":1,"minecraft:sprint_one_cm":343521,"minecraft:damage_taken":3904,"minecraft:walk_one_cm":541899,"minecraft:drop":21,"minecraft:damage_dealt":1784,"minecraft:talked_to_villager":2,"minecraft:fly_one_cm":365178,"minecraft:open_chest":95,"minecraft:crouch_one_cm":1576,"minecraft:play_time":164670,"minecraft:deaths":6,"minecraft:sneak_time":752,"minecraft:walk_under_water_one_cm":39683,"minecraft:aviate_one_cm":1126603,"minecraft:jump":537,"minecraft:open_bag_of_spoils":1,"minecraft:walk_on_water_one_cm":6394,"minecraft:total_world_time":165888,"minecraft:fall_one_cm":78970},"minecraft:broken":{"minecraft:stone_axe":1,"minecraft:wooden_axe":2},"minecraft:killed":{"ars_nouveau:animated_block":2,"enemyexpansion:direwolf":2,"minecraft:skeleton":1},"minecraft:picked_up":{"iter_rpg:spawner_fragment":2,"minecraft:crafting_table":1,"byg:alpine_bellflower":4,"byg:lush_dirt":157,"byg:maple_planks":31,"minecraft:salmon":4,"minecraft:andesite":7,"undead_unleashed:cursed_cloth":1,"minecraft:wooden_pickaxe":2,"minecraft:potato":11,"ars_elemental:yellow_archwood_sapling":24,"minecraft:oak_log":44,"ars_nouveau:archwood_planks":57,"minecraft:bone":10,"ecologics:walnut_sapling":4,"minecraft:apple":32,"minecraft:wheat_seeds":16,"minecraft:spruce_planks":25,"delightful:acorn":4,"twigs:pebble":2,"minecraft:iron_ingot":2,"minecraft:iron_pickaxe":1,"twigs:twig":75,"minecraft:chest":27,"minecraft:egg":1,"farmersdelight:ratatouille":32,"ars_additions:warp_nexus":2,"minecraft:stick":17,"knightlib:small_essence":1,"minecraft:iron_boots":1,"byg:maple_log":261,"apotheosis:gem":2,"ars_additions:nexus_warp_scroll":1,"minecraft:cooked_porkchop":15,"minecraft:torch":2,"minecraft:acacia_log":5,"minecraft:porkchop":18,"twigs:bronzed_seashell":1,"minecraft:carrot":8,"byg:silver_maple_sapling":19,"minecraft:spruce_sapling":36,"minecraft:spruce_log":115,"ars_elemental:yellow_archwood_log":77,"origins:orb_of_origin":1,"byg:maple_sapling":50,"farmersdelight:bacon_and_eggs":32,"minecraft:dark_oak_planks":1,"enigmaticlegacy:cursed_ring":2,"minecraft:rotten_flesh":12,"byg:pink_anemone":2,"waystones:waystone":1,"supplementaries:ash":2,"minecraft:oak_sapling":28,"minecraft:obsidian":14,"minecraft:coal":31,"twigs:tangerine_seashell":1,"forbidden_arcanus:spawner_scrap":1,"byg:maple_door":1,"minecraft:white_wool":15,"minecraft:cobblestone":181,"minecraft:sunflower":2}},"DataVersion":3120}